Price,Efficiency,Cylinder,Doors,Cruise,Sound,Leather,Buick,Cadillac,Chevy,Pontiac,Saab,Saturn,convertible,coupe,hatchback,sedan,wagon
11203.15,165.42067585401773,4,2,1,1,1,0,0,1,0,0,0,0,1,0,0,0
13007.98,85.86035173466273,4,2,1,1,1,0,0,1,0,0,0,0,1,0,0,0
11149.62,185.59903016987994,4,2,1,1,1,0,0,1,0,0,0,0,1,0,0,0
10788.97,177.30200224475752,4,2,1,1,1,0,0,1,0,0,0,0,1,0,0,0
12570.14,149.92998365904,4,2,0,1,1,0,0,1,0,0,0,0,1,0,0,0
14023.94,117.37120600896968,4,2,0,1,1,0,0,1,0,0,0,0,1,0,0,0
12706.91,165.89454481688057,4,2,1,1,1,0,0,1,0,0,0,0,1,0,0,0
11961.62,165.51132891738862,4,2,1,1,1,0,0,1,0,0,0,0,1,0,0,0
12810.91,139.5026881461429,4,2,1,1,1,0,0,1,0,0,0,0,1,0,0,0
12845.17,149.60614960622442,4,2,1,1,1,0,0,1,0,0,0,0,1,0,0,0
12897.93,152.31546211727817,4,2,1,1,1,0,0,1,0,0,0,0,1,0,0,0
12464.07,147.95607456268905,4,2,1,1,1,0,0,0,1,0,0,0,1,0,0,0
12258.86,155.9422970204043,4,2,1,1,1,0,0,0,1,0,0,0,1,0,0,0
12465.51,154.69647701224486,4,2,0,1,1,0,0,0,1,0,0,0,1,0,0,0
12828.03,138.13399291991817,4,2,1,1,1,0,0,0,1,0,0,0,1,0,0,0
13585.64,188.84385083978773,6,4,1,0,0,0,0,0,0,0,1,0,0,0,1,0
12630.78,150.23648025696022,4,2,1,1,1,0,0,1,0,0,0,0,1,0,0,0
12425.39,150.9006295546841,4,2,0,1,1,0,0,1,0,0,0,0,1,0,0,0
12549.89,160.67358214715946,4,2,0,1,1,0,0,1,0,0,0,0,1,0,0,0
12274.96,140.0428505850977,4,2,1,1,1,0,0,1,0,0,0,0,1,0,0,0
12319.7,156.74182594317318,4,2,1,1,1,0,0,1,0,0,0,0,1,0,0,0
12234.89,174.06033436713835,4,2,1,1,1,0,0,1,0,0,0,0,1,0,0,0
12684.99,172.89013852733186,4,2,1,1,1,0,0,1,0,0,0,0,1,0,0,0
12553.07,181.22913673027304,4,2,1,1,1,0,0,1,0,0,0,0,1,0,0,0
13699.04,160.7638018958248,4,2,1,1,1,0,0,1,0,0,0,0,1,0,0,0
13530.07,165.072711251739,4,2,1,1,1,0,0,1,0,0,0,0,1,0,0,0
10386.04,149.08051515875573,4,4,0,0,0,0,0,1,0,0,0,0,0,1,0,0
11017.17,141.77446878757826,4,4,0,1,0,0,0,1,0,0,0,0,0,1,0,0
12163.82,110.00454536063498,4,4,0,0,1,0,0,1,0,0,0,0,0,1,0,0
11096.86,142.59733517846678,4,4,1,0,0,0,0,1,0,0,0,0,0,1,0,0
12146.19,100.05498488331304,4,4,0,0,1,0,0,1,0,0,0,0,0,1,0,0
12314.59,64.35837163881635,4,4,0,1,0,0,0,1,0,0,0,0,0,0,1,0
10491.08,175.920436561532,4,4,0,1,0,0,0,1,0,0,0,0,0,0,1,0
11318.01,105.62196741208714,4,4,0,1,1,0,0,1,0,0,0,0,0,0,1,0
11700.11,123.50303639992015,4,4,1,0,0,0,0,1,0,0,0,0,0,0,1,0
11215.02,141.2267680009707,4,4,0,0,0,0,0,1,0,0,0,0,0,0,1,0
13167.7,120.95453691366852,4,4,0,1,1,0,0,1,0,0,0,0,0,0,1,0
13230.92,160.8166658030193,4,4,0,1,1,0,0,1,0,0,0,0,0,0,1,0
12573.9,158.26559954709046,4,4,1,1,1,0,0,1,0,0,0,0,0,0,1,0
11328.96,199.86495440671933,4,4,1,1,1,0,0,1,0,0,0,0,0,0,1,0
12383.4,158.33192981834083,4,4,1,1,1,0,0,1,0,0,0,0,0,0,1,0
13545.03,165.62306602644452,4,4,0,1,1,0,0,1,0,0,0,0,0,0,1,0
12741.19,186.58778095041487,4,4,0,1,1,0,0,1,0,0,0,0,0,0,1,0
12230.1,168.54672942540296,4,2,0,1,1,0,0,1,0,0,0,0,1,0,0,0
13141.05,141.06027080648894,4,2,1,1,1,0,0,1,0,0,0,0,1,0,0,0
13594.09,143.8123777704826,4,2,1,1,1,0,0,1,0,0,0,0,1,0,0,0
13464.8,119.29375507544391,4,2,1,1,1,0,0,1,0,0,0,0,1,0,0,0
14145.88,143.22011031974526,4,4,1,1,1,0,0,1,0,0,0,0,0,0,1,0
12944.94,147.25488107359973,4,4,0,1,1,0,0,1,0,0,0,0,0,0,1,0
12846.06,166.01204775557707,4,4,1,1,1,0,0,1,0,0,0,0,0,0,1,0
11179.95,152.05591076969023,4,4,0,1,1,0,0,1,0,0,0,0,0,1,0,0
11031.13,141.9718281913704,4,4,0,1,1,0,0,1,0,0,0,0,0,1,0,0
10921.95,152.04933409916663,4,4,0,1,1,0,0,1,0,0,0,0,0,1,0,0
11013.87,160.4556013356966,4,4,1,1,1,0,0,1,0,0,0,0,0,1,0,0
11070.06,159.6120296218302,4,4,0,1,1,0,0,1,0,0,0,0,0,1,0,0
9919.05,186.06719216455113,4,4,0,1,0,0,0,1,0,0,0,0,0,0,1,0
10805.13,144.9586147836685,4,4,1,1,1,0,0,1,0,0,0,0,0,0,1,0
11302.9,120.94213492410327,4,4,0,1,0,0,0,1,0,0,0,0,0,0,1,0
10770.11,158.31929762350515,4,4,0,1,0,0,0,1,0,0,0,0,0,0,1,0
10872.01,160.83842824399895,4,4,0,0,0,0,0,1,0,0,0,0,0,0,1,0
12408.81,101.05938848023968,4,4,0,0,1,0,0,1,0,0,0,0,0,0,1,0
13719.24,153.7693077307692,4,2,0,0,0,0,0,0,0,0,1,0,1,0,0,0
14077.97,163.67040050051813,4,2,0,0,1,0,0,0,0,0,1,0,1,0,0,0
13991.04,144.98275759551547,4,2,0,1,0,0,0,0,0,0,1,0,1,0,0,0
13518.24,161.1862276995153,4,2,1,1,0,0,0,0,0,0,1,0,1,0,0,0
13869.15,156.0416611036937,4,2,1,1,0,0,0,0,0,0,1,0,1,0,0,0
13811.16,161.97530676001205,4,2,0,1,1,0,0,0,0,0,1,0,1,0,0,0
11539.05,197.37781030298214,4,2,0,0,0,0,0,0,0,0,1,0,1,0,0,0
13961.11,140.0071426749364,4,4,0,1,1,0,0,0,1,0,0,0,0,0,1,0
13034.07,154.8418548067673,4,4,0,1,1,0,0,0,1,0,0,0,0,0,1,0
13072.84,119.62859190009719,4,4,0,1,1,0,0,1,0,0,0,0,0,0,1,0
11539.05,155.4445238662334,4,4,0,1,1,0,0,1,0,0,0,0,0,0,1,0
11699.03,140.7693148381422,4,4,1,1,1,0,0,1,0,0,0,0,0,0,1,0
12243.06,158.15814869933197,4,4,1,1,1,0,0,1,0,0,0,0,0,0,1,0
11671.86,160.39638399914134,4,4,1,1,1,0,0,1,0,0,0,0,0,0,1,0
14061.12,70.15696686716153,4,4,0,1,1,0,0,1,0,0,0,0,0,0,1,0
11581.91,191.22238362702208,4,4,0,1,1,0,0,1,0,0,0,0,0,0,1,0
13161.94,145.41320435228707,4,4,1,1,1,0,0,1,0,0,0,0,0,0,1,0
14077.97,132.07952150125317,4,4,0,1,1,0,0,1,0,0,0,0,0,0,1,0
12981.95,142.50964879614293,4,4,1,1,1,0,0,1,0,0,0,0,0,0,1,0
14220.01,151.88482478509826,4,4,1,1,1,0,0,1,0,0,0,0,0,0,1,0
13159.82,150.79787796915446,4,4,1,1,1,0,0,1,0,0,0,0,0,0,1,0
12678.85,169.36056211526932,4,4,0,1,1,0,0,1,0,0,0,0,0,0,1,0
13994.91,131.41537200799607,4,4,0,1,1,0,0,1,0,0,0,0,0,0,1,0
14194.82,97.78036612735708,4,4,0,1,1,0,0,1,0,0,0,0,0,0,1,0
12036.22,140.90067423543437,4,4,0,1,1,0,0,0,0,0,1,0,0,0,1,0
12284.29,157.2895419282541,4,4,1,1,0,0,0,0,0,0,1,0,0,0,1,0
14203,108.79338215167317,4,4,0,0,0,0,0,0,0,0,1,0,0,0,1,0
14116.92,113.48127598859647,4,4,1,0,0,0,0,0,0,0,1,0,0,0,1,0
12791.75,127.13378779852349,4,4,0,0,1,0,0,0,0,0,1,0,0,0,1,0
12965.22,172.35718725948158,4,4,0,1,1,0,0,0,0,0,1,0,0,0,1,0
12412.52,157.04776343520464,4,4,0,1,1,0,0,0,0,0,1,0,0,0,1,0
10563.07,180.16103907338012,4,4,0,0,0,0,0,0,0,0,1,0,0,0,1,0
12119.09,151.08275877809487,4,4,0,0,1,0,0,0,0,0,1,0,0,0,1,0
11521.53,187.0775240374963,4,4,0,1,1,0,0,0,0,0,1,0,0,0,1,0
12162.14,147.5466028073842,4,4,0,1,0,0,0,0,0,0,1,0,0,0,1,0
13122.91,138.20636743652588,4,4,0,1,1,0,0,0,0,0,1,0,0,0,1,0
13494.29,139.64240043768942,4,4,1,0,1,0,0,0,0,0,1,0,0,0,1,0
13174.07,115.4036394573412,4,4,0,0,1,0,0,0,0,0,1,0,0,0,1,0
13216.91,155.1418705572419,4,4,0,1,0,0,0,0,0,0,1,0,0,0,1,0
11679.92,152.93135715084725,4,4,0,0,0,0,0,0,0,0,1,0,0,0,1,0
10287.98,128.53404218338423,4,4,1,1,1,0,0,1,0,0,0,0,0,1,0,0
10897.08,81.84741901856161,4,4,0,1,1,0,0,1,0,0,0,0,0,1,0,0
10106.02,119.16375287812986,4,4,1,0,0,0,0,1,0,0,0,0,0,1,0,0
9506.05,148.89257872708095,4,4,0,0,1,0,0,1,0,0,0,0,0,1,0,0
9220.83,173.18198520631412,4,4,1,0,1,0,0,1,0,0,0,0,0,1,0,0
8769,187.88028103023478,4,4,0,0,0,0,0,1,0,0,0,0,0,0,1,0
8870.95,181.4221596167348,4,4,1,1,0,0,0,1,0,0,0,0,0,0,1,0
10315.02,120.15822901491184,4,4,0,0,1,0,0,1,0,0,0,0,0,0,1,0
9654.06,138.50270755476225,4,4,0,0,0,0,0,1,0,0,0,0,0,0,1,0
9041.91,161.8363370816332,4,4,0,0,1,0,0,1,0,0,0,0,0,0,1,0
10971.1,84.20807562223472,4,4,1,0,0,0,0,1,0,0,0,0,0,0,1,0
12045.92,138.33293172632466,4,2,0,1,1,0,0,1,0,0,0,0,1,0,0,0
13106.9,148.02026888233922,4,2,0,1,1,0,0,1,0,0,0,0,1,0,0,0
12487.05,168.79573454326385,4,2,0,1,1,0,0,1,0,0,0,0,1,0,0,0
12469.53,140.39943019827396,4,2,0,1,1,0,0,1,0,0,0,0,1,0,0,0
12830.1,133.52902306240392,4,2,1,1,1,0,0,0,1,0,0,0,1,0,0,0
12878.05,138.6542462386205,4,2,1,1,1,0,0,0,1,0,0,0,1,0,0,0
9928.19,172.27884373886423,4,4,0,0,1,0,0,1,0,0,0,0,0,1,0,0
11045.11,156.74182594317318,4,4,1,0,1,0,0,1,0,0,0,0,0,1,0,0
11080.52,191.97656106931387,4,4,0,1,1,0,0,1,0,0,0,0,0,0,1,0
9954.05,193.24854462582636,4,4,0,1,1,0,0,1,0,0,0,0,0,0,1,0
12733.86,146.23952953972466,4,2,1,1,1,0,0,1,0,0,0,0,1,0,0,0
13678.86,134.0559584651126,4,2,1,1,1,0,0,1,0,0,0,0,1,0,0,0
14222.31,91.7986928011505,4,4,0,1,1,0,0,1,0,0,0,0,0,0,1,0
13762.9,134.31306712304652,4,4,1,1,1,0,0,1,0,0,0,0,0,0,1,0
11115.01,173.3666634621547,4,4,1,1,1,0,0,1,0,0,0,0,0,1,0,0
11247.86,146.3796433934719,4,4,1,1,1,0,0,1,0,0,0,0,0,1,0,0
11394.89,158.45188544160652,4,4,0,1,1,0,0,1,0,0,0,0,0,1,0,0
11169.92,149.59946523968594,4,4,0,1,0,0,0,1,0,0,0,0,0,0,1,0
14191.88,145.53693689232298,4,4,1,1,1,0,0,1,0,0,0,0,0,0,1,0
14175.88,147.06121174531373,4,4,0,1,1,0,0,1,0,0,0,0,0,0,1,0
11615.02,137.89126150702953,4,4,0,1,1,0,0,1,0,0,0,0,0,0,1,0
13600.03,165.01818081653911,4,2,0,1,0,0,0,0,0,0,1,0,1,0,0,0
13032.87,173.51656981395178,4,2,1,1,1,0,0,0,0,0,1,0,1,0,0,0
13162.85,156.65886505397643,4,4,0,1,1,0,0,0,1,0,0,0,0,0,1,0
13436,143.28293687665675,4,4,0,1,1,0,0,1,0,0,0,0,0,0,1,0
12379.13,176.63238661128938,4,4,1,1,1,0,0,1,0,0,0,0,0,0,1,0
13830.25,132.64237633576985,4,4,0,1,1,0,0,1,0,0,0,0,0,0,1,0
12257.16,146.6015006744474,4,4,1,1,1,0,0,1,0,0,0,0,0,0,1,0
11464.63,171.49344010777787,4,4,1,1,1,0,0,1,0,0,0,0,0,0,1,0
12293.06,130.91600360536523,4,4,1,0,1,0,0,0,0,0,1,0,0,0,1,0
11504.82,184.2878183711555,4,4,0,0,0,0,0,0,0,0,1,0,0,0,1,0
13998.13,135.1184665395519,4,4,0,1,1,0,0,0,0,0,1,0,0,0,1,0
13258.37,122.22111110606056,4,4,1,1,1,0,0,0,0,0,1,0,0,0,1,0
11413.53,180.60730882220685,4,4,1,0,1,0,0,0,0,0,1,0,0,0,1,0
9720.98,144.34680460612904,4,4,1,1,0,0,0,1,0,0,0,0,0,1,0,0
9482.22,157.61345120261785,4,4,1,0,0,0,0,1,0,0,0,0,0,0,1,0
9563.79,138.82723075823418,4,4,1,1,0,0,0,1,0,0,0,0,0,0,1,0
9665.85,139.87494414654827,4,4,0,1,1,0,0,1,0,0,0,0,0,0,1,0
17325.27,141.04609175726918,4,4,1,0,0,0,0,0,1,0,0,0,0,0,0,1
16391.93,134.5213737664019,4,4,1,1,0,0,0,0,1,0,0,0,0,0,0,1
15297.84,151.8617792599573,4,4,0,0,0,0,0,0,1,0,0,0,0,0,0,1
16078.67,150.9271347372632,4,4,0,0,1,0,0,0,1,0,0,0,0,0,0,1
16551.22,139.75335416368367,4,4,1,1,1,0,0,0,1,0,0,0,0,0,0,1
14546.88,182.68552214119214,4,4,0,1,1,0,0,0,1,0,0,0,0,0,0,1
17394.02,159.57443404254957,6,4,1,1,0,1,0,0,0,0,0,0,0,0,1,0
17675.84,71.63099887618489,6,2,0,1,1,0,0,0,1,0,0,0,1,0,0,0
14703.14,152.75797851503535,6,2,0,1,1,0,0,0,1,0,0,0,1,0,0,0
15059.13,150.46926596484747,6,2,1,1,1,0,0,0,1,0,0,0,1,0,0,0
17141.94,82.22530024268686,6,2,1,1,1,0,0,0,1,0,0,0,1,0,0,0
15788.1,159.0440190639057,6,4,1,1,0,0,0,0,1,0,0,0,0,0,1,0
16391.17,145.9588983241515,6,4,1,1,0,0,0,0,1,0,0,0,0,0,1,0
15457.17,172.98843892006195,6,4,1,1,0,0,0,0,1,0,0,0,0,0,1,0
16283.96,162.82198868703207,6,4,1,0,1,0,0,0,1,0,0,0,0,0,1,0
15802.65,146.49573372627614,4,4,0,0,0,0,0,0,1,0,0,0,0,0,0,1
14396.27,177.2681584492827,4,4,0,0,0,0,0,0,1,0,0,0,0,0,0,1
14869.28,178.30030846860586,4,4,1,1,1,0,0,0,1,0,0,0,0,0,0,1
15568.97,134.929611279363,4,4,0,0,0,0,0,0,1,0,0,0,0,0,0,1
16353.1,126.7990536242286,4,4,0,1,0,0,0,0,1,0,0,0,0,0,0,1
15730.05,146.2566237816257,4,4,0,1,1,0,0,0,1,0,0,0,0,0,0,1
15977.91,130.58713566044705,4,4,0,0,1,0,0,0,1,0,0,0,0,0,0,1
16425.17,119.33985084622823,6,4,1,0,0,0,0,0,0,0,1,0,0,0,1,0
15118.89,161.18002357612434,6,4,1,1,0,0,0,0,0,0,1,0,0,0,1,0
17978.36,104.81412118603103,6,4,1,0,0,0,0,0,0,0,1,0,0,0,1,0
15731.13,143.12232530251876,6,4,1,1,0,0,0,0,0,0,1,0,0,0,1,0
15747.8,77.76888838089432,4,2,0,1,1,0,0,1,0,0,0,0,1,0,0,0
16357.99,153.26773959317075,6,2,1,1,0,0,0,1,0,0,0,0,1,0,0,0
17515.4,136.38914912851388,6,2,1,0,0,0,0,1,0,0,0,0,1,0,0,0
16345.94,161.03105290595352,6,2,1,1,0,0,0,1,0,0,0,0,1,0,0,0
16825.19,153.16657598836633,6,4,0,1,1,0,0,1,0,0,0,0,0,1,0,0
14914.2,184.1358194377183,6,4,0,1,1,0,0,1,0,0,0,0,0,1,0,0
17801.23,139.2336166304675,6,4,1,1,1,0,0,1,0,0,0,0,0,1,0,0
16543.98,156.7896680269462,6,4,0,1,1,0,0,1,0,0,0,0,0,1,0,0
16744.03,147.74640435557137,6,4,0,1,1,0,0,1,0,0,0,0,0,1,0,0
16143.96,162.88646352597874,6,4,1,1,1,0,0,1,0,0,0,0,0,1,0,0
17891.63,130.46072205840346,6,4,0,1,1,0,0,1,0,0,0,0,0,1,0,0
14894.98,49.63869458396343,4,4,0,1,1,0,0,1,0,0,0,0,0,0,1,0
14304.74,145.354738484853,4,4,0,1,1,0,0,1,0,0,0,0,0,0,1,0
14847.04,113.92980294900892,4,4,0,1,1,0,0,1,0,0,0,0,0,0,1,0
14593.85,137.0766209096212,4,4,0,1,1,0,0,1,0,0,0,0,0,0,1,0
17839.8,159.5399636454766,6,4,1,0,1,0,0,1,0,0,0,0,0,0,1,0
17789.35,164.25589791541734,6,4,1,1,0,0,0,1,0,0,0,0,0,0,1,0
16300.47,160.30283840281805,6,4,1,1,1,0,0,1,0,0,0,0,0,0,1,0
15138.4,180.17213991069764,6,4,0,1,1,0,0,1,0,0,0,0,0,0,1,0
17158.92,146.34548165215077,6,4,0,1,1,0,0,1,0,0,0,0,0,0,1,0
15623.2,165.75886099994776,6,4,0,1,1,0,0,1,0,0,0,0,0,0,1,0
15053.93,68.20557161991974,4,2,1,1,1,0,0,1,0,0,0,0,1,0,0,0
14642.32,78.89233169326408,4,2,0,1,1,0,0,1,0,0,0,0,1,0,0,0
17586.93,197.60819821049935,6,2,1,0,1,0,0,1,0,0,0,0,1,0,0,0
17663.22,139.60659010233005,6,4,1,1,1,0,0,1,0,0,0,0,0,1,0,0
18009.85,123.24771803161306,6,4,0,1,1,0,0,1,0,0,0,0,0,1,0,0
16988.3,157.8131806916013,6,4,1,1,1,0,0,1,0,0,0,0,0,1,0,0
17553.75,135.834458073053,6,4,0,1,1,0,0,1,0,0,0,0,0,1,0,0
14401.91,146.72082333465826,4,4,0,1,1,0,0,1,0,0,0,0,0,0,1,0
14508.75,137.5136356875201,4,4,0,1,1,0,0,1,0,0,0,0,0,0,1,0
14897.04,134.94443300855357,4,4,1,1,1,0,0,1,0,0,0,0,0,0,1,0
15084.82,121.75385004179539,4,4,1,1,1,0,0,1,0,0,0,0,0,0,1,0
14418.17,140.7764184798008,4,4,0,1,1,0,0,1,0,0,0,0,0,0,1,0
16403.25,152.09536482089123,6,4,1,1,1,0,0,1,0,0,0,0,0,0,1,0
17316.1,139.97499776745846,6,4,1,1,1,0,0,1,0,0,0,0,0,0,1,0
17119.46,135.19245541079576,6,4,1,1,1,0,0,1,0,0,0,0,0,0,1,0
16860.87,141.0070920202243,6,4,1,1,1,0,0,1,0,0,0,0,0,0,1,0
16536.74,155.62133529821674,6,4,1,1,1,0,0,1,0,0,0,0,0,0,1,0
16860.09,151.132392292321,6,4,1,1,1,0,0,1,0,0,0,0,0,1,0,0
16027.29,151.29111011556495,6,4,0,1,1,0,0,1,0,0,0,0,0,1,0,0
16267.09,146.4650128870373,6,4,0,1,1,0,0,1,0,0,0,0,0,1,0,0
14411.86,164.27416108445053,4,2,1,0,1,0,0,0,0,0,1,0,1,0,0,0
14771,149.18109799837242,4,2,1,0,1,0,0,0,0,0,1,0,1,0,0,0
16916.87,53.65631370118525,4,2,1,0,1,0,0,0,0,0,1,0,1,0,0,0
17844.73,145.33065746772084,6,4,1,1,0,0,0,0,1,0,0,0,0,0,1,0
17768.06,168.47848527334284,6,4,1,1,1,0,0,0,1,0,0,0,0,0,1,0
15077.18,115.16075720487426,4,4,0,1,1,0,0,0,1,0,0,0,0,0,1,0
15604.15,76.07890640644094,4,4,1,1,1,0,0,0,1,0,0,0,0,0,1,0
15979.01,62.81719509815764,4,4,1,1,1,0,0,0,1,0,0,0,0,0,1,0
14841.92,111.44505372604026,4,4,0,1,1,0,0,0,1,0,0,0,0,0,1,0
15709.05,149.1174034108695,6,4,1,1,0,1,0,0,0,0,0,0,0,0,1,0
15048.04,151.53877391611692,6,4,1,1,0,1,0,0,0,0,0,0,0,0,1,0
15295.02,165.3027525481654,6,4,1,1,1,1,0,0,0,0,0,0,0,0,1,0
16218.85,114.87384384619503,6,4,1,1,0,1,0,0,0,0,0,0,0,0,1,0
14696.03,81.9084855189009,4,4,1,1,1,0,0,1,0,0,0,0,0,0,1,0
14582.77,84.35045939412541,4,4,1,1,1,0,0,1,0,0,0,0,0,0,1,0
15554.28,182.6389881706532,6,4,1,1,1,0,0,1,0,0,0,0,0,0,1,0
16644.09,149.6094916775002,6,4,1,1,1,0,0,1,0,0,0,0,0,0,1,0
15951.81,161.46206984923734,6,4,1,1,1,0,0,1,0,0,0,0,0,0,1,0
16508.59,165.71059109181888,6,4,1,1,1,0,0,1,0,0,0,0,0,0,1,0
16646.77,141.96478436570106,6,4,0,1,1,0,0,1,0,0,0,0,0,0,1,0
17089.92,93.44517108978933,6,4,0,1,1,0,0,1,0,0,0,0,0,0,1,0
17463.05,106.7379969832674,6,4,1,1,1,0,0,1,0,0,0,0,0,0,1,0
15680.86,161.10865898517062,6,4,0,1,1,0,0,1,0,0,0,0,0,0,1,0
16752.51,136.24243098242192,6,4,1,1,1,0,0,1,0,0,0,0,0,0,1,0
15664.62,160.58331171077523,6,4,1,1,1,0,0,1,0,0,0,0,0,0,1,0
16216.98,188.74321179846442,6,4,1,1,0,0,0,0,1,0,0,0,0,0,1,0
15756.15,171.24543789543708,6,4,1,1,0,0,0,0,1,0,0,0,0,0,1,0
15979.01,148.2362978490761,6,4,1,0,0,0,0,0,1,0,0,0,0,0,1,0
16256.24,150.45597362683876,6,4,1,0,0,0,0,0,1,0,0,0,0,0,1,0
15110.19,48.908077042549934,4,4,1,1,0,0,0,0,0,0,1,0,0,0,1,0
14739.07,41.677331968349414,4,4,0,0,1,0,0,0,0,0,1,0,0,0,1,0
14909.05,152.7186956466038,4,4,0,1,1,0,0,0,1,0,0,0,0,0,0,1
16379.1,93.56281312572854,4,4,0,1,0,0,0,0,1,0,0,0,0,0,0,1
15821.95,119.59933110180843,4,4,0,0,1,0,0,0,1,0,0,0,0,0,0,1
16106.83,139.51702405083043,4,4,1,0,0,0,0,0,1,0,0,0,0,0,0,1
15174.35,166.99401186868948,4,4,0,0,0,0,0,0,1,0,0,0,0,0,0,1
17968.84,186.1853914784938,6,4,1,1,1,1,0,0,0,0,0,0,0,0,1,0
15595.88,135.33292282367952,6,2,0,1,1,0,0,0,1,0,0,0,1,0,0,0
17360.81,29.68164415931166,6,2,0,1,1,0,0,0,1,0,0,0,1,0,0,0
17095.04,136.82105101189657,6,4,1,0,0,0,0,0,1,0,0,0,0,0,1,0
14963.05,177.4006764361399,6,4,1,1,0,0,0,0,1,0,0,0,0,0,1,0
16997.69,160.7171428317465,6,4,1,0,1,0,0,0,1,0,0,0,0,0,1,0
17803.28,110.9188892840169,4,4,1,1,1,0,0,0,1,0,0,0,0,0,0,1
15635.8,34.19064199455752,4,2,0,1,1,0,0,1,0,0,0,0,1,0,0,0
17685.2,126.08727136392476,6,2,1,0,0,0,0,1,0,0,0,0,1,0,0,0
14584.45,34.058772731852805,4,2,1,1,1,0,0,1,0,0,0,0,1,0,0,0
15503.51,182.6061335223984,6,2,1,0,0,0,0,1,0,0,0,0,1,0,0,0
14619.08,125.5706972187381,4,2,1,1,1,0,0,1,0,0,0,0,1,0,0,0
16723.99,140.49911031746785,6,4,1,1,1,0,0,1,0,0,0,0,0,1,0,0
15000.99,120.43255373859678,4,4,0,1,1,0,0,1,0,0,0,0,0,0,1,0
15128.99,117.5925167687128,4,4,1,1,1,0,0,1,0,0,0,0,0,0,1,0
14997.88,94.23375191511798,4,4,0,1,1,0,0,1,0,0,0,0,0,0,1,0
15233.16,180.37461018668898,6,4,0,1,1,0,0,1,0,0,0,0,0,0,1,0
14397.93,72.03471385380801,4,2,0,1,1,0,0,1,0,0,0,0,1,0,0,0
14275.13,136.13596145030894,4,4,1,1,1,0,0,1,0,0,0,0,0,0,1,0
17115.12,156.40012787718558,6,4,0,1,1,0,0,1,0,0,0,0,0,1,0,0
18004.87,137.0072990756332,6,4,0,1,1,0,0,1,0,0,0,0,0,1,0,0
16803.12,160.85397104206038,6,4,1,1,1,0,0,1,0,0,0,0,0,1,0,0
17312.91,146.3557310118056,6,4,1,1,1,0,0,1,0,0,0,0,0,0,1,0
16428.58,99.40824915468535,4,4,0,1,1,0,0,1,0,0,0,0,0,0,1,0
16341.8,159.3549497191725,6,4,0,1,1,0,0,1,0,0,0,0,0,0,1,0
16713.98,162.25905213577454,6,4,1,1,1,0,0,1,0,0,0,0,0,0,1,0
17173.94,136.82470537150812,6,4,0,1,1,0,0,1,0,0,0,0,0,1,0,0
16456.97,142.12670403551894,6,4,0,1,1,0,0,1,0,0,0,0,0,1,0,0
15395.01,113.66617790706258,4,2,1,0,0,0,0,0,0,0,1,0,1,0,0,0
15277.07,130.19600608313604,4,2,0,1,0,0,0,0,0,0,1,0,1,0,0,0
15639.04,92.233399590387,4,2,1,0,0,0,0,0,0,0,1,0,1,0,0,0
15327.1,65.71149062378664,4,4,0,1,1,0,0,0,1,0,0,0,0,0,1,0
16336.91,127.83583222242503,6,4,1,0,0,1,0,0,0,0,0,0,0,0,1,0
15230,150.2531197679436,6,4,1,1,0,1,0,0,0,0,0,0,0,0,1,0
17162.48,126.10709734190222,6,4,0,1,1,0,0,1,0,0,0,0,0,0,1,0
14429.79,78.19207120929845,4,4,1,1,1,0,0,1,0,0,0,0,0,0,1,0
15623.92,145.84923722803626,6,4,1,1,1,0,0,1,0,0,0,0,0,0,1,0
16805.06,139.6352391053204,6,4,1,0,0,0,0,1,0,0,0,0,0,0,1,0
15832.52,176.64087862100325,6,4,1,1,1,0,0,1,0,0,0,0,0,0,1,0
16853.11,134.01119356232897,6,4,1,0,0,0,0,0,1,0,0,0,0,0,1,0
16516.96,144.05207391773297,6,4,1,1,1,0,0,0,1,0,0,0,0,0,1,0
15792.83,203.8774141487968,6,4,1,1,1,0,0,0,1,0,0,0,0,0,1,0
17023.94,174.36742815101678,6,4,1,0,0,0,0,0,1,0,0,0,0,0,1,0
15967.25,159.99374987792493,6,4,1,0,0,0,0,0,1,0,0,0,0,0,1,0
15194.98,111.40915581764364,4,4,0,0,1,0,0,0,0,0,1,0,0,0,1,0
14853.2,155.78831791889917,4,4,0,0,0,0,0,0,1,0,0,0,0,0,0,1
14398.92,147.26846234004074,4,4,0,0,0,0,0,0,1,0,0,0,0,0,0,1
21725.01,116.00431026474836,6,2,1,1,0,0,0,1,0,0,0,0,1,0,0,0
25790.51,145.46477236774544,4,4,1,1,1,0,0,0,0,1,0,0,0,0,1,0
24852.5,151.04304022363957,4,4,1,1,1,0,0,0,0,1,0,0,0,0,1,0
26698.08,151.83873023705118,4,4,1,1,1,0,0,0,0,1,0,0,0,0,1,0
26653.24,150.2997005985042,4,4,1,1,1,0,0,0,0,1,0,0,0,0,1,0
18145.13,135.42156401400774,6,4,1,1,0,1,0,0,0,0,0,0,0,0,1,0
18348.9,154.44092721814383,6,4,1,1,0,1,0,0,0,0,0,0,0,0,1,0
20099.26,100.17983829094555,6,4,1,1,1,1,0,0,0,0,0,0,0,0,1,0
20698.08,54.699177324709375,6,4,1,0,1,1,0,0,0,0,0,0,0,0,1,0
19924.16,140.71247279470288,6,4,1,1,1,1,0,0,0,0,0,0,0,0,1,0
20538.09,122.74363527287271,6,4,1,1,0,1,0,0,0,0,0,0,0,0,1,0
19344.17,154.1590088188167,6,4,1,1,0,1,0,0,0,0,0,0,0,0,1,0
18543.43,161.35055004554525,6,4,1,1,1,1,0,0,0,0,0,0,0,0,1,0
20512.09,128.96898852049665,6,4,1,1,0,1,0,0,0,0,0,0,0,0,1,0
23785.92,102.84454287904633,6,4,1,1,1,1,0,0,0,0,0,0,0,0,1,0
22358.88,94.7100839404126,6,4,1,1,0,1,0,0,0,0,0,0,0,0,1,0
21895.76,128.48346197079218,6,4,1,0,1,1,0,0,0,0,0,0,0,0,1,0
22926.09,119.84573417523045,6,4,1,1,1,1,0,0,0,0,0,0,0,0,1,0
21058.14,156.42570121306792,6,4,1,1,1,1,0,0,0,0,0,0,0,0,1,0
19556.9,158.88675212238434,6,4,1,0,0,1,0,0,0,0,0,0,0,0,1,0
21183.12,146.2668793678186,6,4,1,0,0,1,0,0,0,0,0,0,0,0,1,0
21341.26,158.7828706126703,6,4,1,1,1,1,0,0,0,0,0,0,0,0,1,0
20986.02,164.60862674841803,6,4,1,0,0,1,0,0,0,0,0,0,0,0,1,0
21683.03,163.6429039097021,6,4,1,1,0,1,0,0,0,0,0,0,0,0,1,0
23447.69,125.51892287619425,6,4,1,1,0,1,0,0,0,0,0,0,0,0,1,0
23016.01,134.7108013486669,6,4,1,1,1,1,0,0,0,0,0,0,0,0,1,0
23547.24,127.41663941573722,6,4,1,1,0,1,0,0,0,0,0,0,0,0,1,0
20627.66,144.11800720243116,6,4,1,1,1,0,0,0,1,0,0,0,0,0,1,0
19540.24,150.42606157179014,6,4,1,1,0,0,0,0,1,0,0,0,0,0,1,0
21875.1,110.96395811253309,6,4,1,0,1,0,0,0,1,0,0,0,0,0,1,0
21903.32,67.35725647619564,6,4,1,1,0,0,0,0,1,0,0,0,0,0,1,0
18254.92,128.66234880492428,6,4,1,1,1,0,0,0,1,0,0,0,0,0,1,0
19646.72,145.3684972750286,6,4,1,1,1,0,0,0,1,0,0,0,0,0,1,0
20173.91,145.6399670420177,6,4,1,0,1,0,0,0,1,0,0,0,0,0,1,0
22100.39,110.9684639886486,6,4,1,1,0,0,0,0,1,0,0,0,0,0,1,0
18701.22,158.08858276295604,6,4,1,0,0,0,0,0,1,0,0,0,0,0,1,0
21281.88,131.97348218486925,6,4,1,1,1,0,0,0,1,0,0,0,0,0,1,0
21230.98,105.9669759878048,6,4,1,1,0,0,0,0,1,0,0,0,0,0,1,0
23578.16,138.37629854855925,8,4,1,0,1,0,0,0,1,0,0,0,0,0,1,0
22231.56,148.08443537387717,8,4,1,1,1,0,0,0,1,0,0,0,0,0,1,0
22525.27,139.71757226634023,8,4,1,1,1,0,0,0,1,0,0,0,0,0,1,0
23449.31,131.42678570215435,8,4,1,0,1,0,0,0,1,0,0,0,0,0,1,0
21403.76,164.82718222429213,8,4,1,0,1,0,0,0,1,0,0,0,0,0,1,0
21200.69,176.62672504465456,8,4,1,1,1,0,0,0,1,0,0,0,0,0,1,0
21908.37,131.73078607523755,6,4,1,0,0,1,0,0,0,0,0,0,0,0,1,0
20952.22,141.97887166758298,6,4,1,1,0,1,0,0,0,0,0,0,0,0,1,0
19425.85,166.85023224436938,6,4,1,1,0,1,0,0,0,0,0,0,0,0,1,0
19191.99,170.84203229884616,6,4,1,1,1,1,0,0,0,0,0,0,0,0,1,0
21956.34,133.36791218280356,6,4,1,1,0,1,0,0,0,0,0,0,0,0,1,0
19981.13,155.9583277673879,6,4,1,1,0,1,0,0,0,0,0,0,0,0,1,0
21646.12,139.86421987055874,6,4,1,1,1,1,0,0,0,0,0,0,0,0,1,0
23249.84,166.3911055315157,4,4,1,0,0,0,0,0,0,1,0,0,0,0,1,0
24801.62,162.31142904922007,4,4,1,1,1,0,0,0,0,1,0,0,0,0,1,0
22244.88,224.47048803796014,4,4,1,0,1,0,0,0,0,1,0,0,0,0,1,0
25299.97,139.88924190229926,4,4,1,1,0,0,0,0,0,1,0,0,0,0,1,0
24903.48,201.78949427559405,4,4,1,1,1,0,0,0,0,1,0,0,0,0,0,1
23329.21,158.80176321439257,4,4,1,0,1,0,0,0,0,1,0,0,0,0,0,1
23274.48,147.02380759591284,4,4,1,1,0,0,0,0,0,1,0,0,0,0,0,1
25959.12,132.02651248896942,4,4,1,0,1,0,0,0,0,1,0,0,0,0,0,1
19075.68,134.89996293550269,6,4,1,0,1,0,0,1,0,0,0,0,0,0,1,0
18527.21,140.9751751195933,6,4,1,1,0,0,0,1,0,0,0,0,0,0,1,0
19164.61,38.47076812334269,6,4,1,1,1,0,0,1,0,0,0,0,0,0,1,0
20017.97,150.76140089558734,6,2,1,0,0,0,0,1,0,0,0,0,1,0,0,0
20839.15,148.83547964111244,6,2,1,1,1,0,0,1,0,0,0,0,1,0,0,0
20676.17,134.24231821597837,6,2,1,0,1,0,0,1,0,0,0,0,1,0,0,0
22384.12,121.60592090848209,6,2,1,1,1,0,0,1,0,0,0,0,1,0,0,0
21745.03,84.0535543567314,6,2,1,1,0,0,0,1,0,0,0,0,1,0,0,0
18273.01,127.80845042484475,6,4,0,1,1,0,0,1,0,0,0,0,0,1,0,0
19446.88,30.528675044947494,6,4,0,1,1,0,0,1,0,0,0,0,0,0,1,0
18324.83,86.00581375697809,6,4,1,1,1,0,0,1,0,0,0,0,0,1,0,0
18974.92,75.04665215717488,6,4,0,1,1,0,0,1,0,0,0,0,0,1,0,0
19581.23,87.43569065318808,6,4,0,1,1,0,0,1,0,0,0,0,0,1,0,0
18169.38,121.4660446379975,6,4,0,1,1,0,0,1,0,0,0,0,0,1,0,0
18566.07,157.3117923106847,6,4,1,1,1,0,0,0,1,0,0,0,0,0,1,0
18856.02,149.7431133641878,6,4,1,1,0,0,0,0,1,0,0,0,0,0,1,0
19682.04,107.48953437428223,6,4,1,0,1,0,0,0,1,0,0,0,0,0,1,0
20318.89,132.6009049742874,6,4,1,1,0,0,0,0,1,0,0,0,0,0,1,0
18678.41,128.43675486401858,6,4,1,1,0,0,0,0,1,0,0,0,0,0,1,0
23420.71,137.5136356875201,6,4,1,0,1,1,0,0,0,0,0,0,0,0,1,0
25098.63,100.069975517135,6,4,1,1,0,1,0,0,0,0,0,0,0,0,1,0
22435.2,149.28831166571615,6,4,1,1,1,1,0,0,0,0,0,0,0,0,1,0
18835.19,90.61456836513652,6,4,1,0,1,0,0,1,0,0,0,0,0,0,1,0
18620.87,159.73728431396347,6,4,1,0,1,0,0,0,1,0,0,0,0,0,1,0
20452.67,101.67595585978034,6,4,1,0,0,0,0,0,1,0,0,0,0,0,1,0
21383.07,85.36392680752216,6,4,1,1,1,0,0,0,1,0,0,0,0,0,1,0
19822.12,39.89987468652001,6,4,1,1,0,0,0,0,1,0,0,0,0,0,1,0
19567.26,46.78675026115834,6,4,1,1,1,0,0,0,1,0,0,0,0,0,1,0
20830.99,139.35207210515387,6,4,1,1,0,0,0,0,1,0,0,0,0,0,1,0
22004.93,124.56323695216017,6,4,1,1,1,0,0,0,1,0,0,0,0,0,1,0
19116.13,162.02468947663502,6,4,1,0,1,0,0,0,1,0,0,0,0,0,1,0
23197.44,47.90615826801394,6,4,1,1,1,0,0,0,1,0,0,0,0,0,1,0
20109.9,151.29771974487917,6,4,1,1,1,0,0,0,1,0,0,0,0,0,1,0
23102.02,75.18643494673756,6,4,1,0,0,0,0,0,1,0,0,0,0,0,1,0
21536.74,192.68627351215238,6,4,1,1,1,1,0,0,0,0,0,0,0,0,1,0
26190.27,131.6624471897739,6,4,1,0,1,1,0,0,0,0,0,0,0,0,1,0
23159.54,160.83842824399895,6,4,1,0,0,1,0,0,0,0,0,0,0,0,1,0
26302.07,114.23659658795863,6,4,1,1,0,1,0,0,0,0,0,0,0,0,1,0
23348.02,155.0064514786401,6,4,1,0,1,1,0,0,0,0,0,0,0,0,1,0
23573.82,111.65124271587845,6,2,1,1,0,0,0,1,0,0,0,0,1,0,0,0
20047.95,157.05094714773293,6,2,1,1,0,0,0,1,0,0,0,0,1,0,0,0
25948.96,25.219040425836983,6,4,1,0,0,0,0,1,0,0,0,0,0,0,1,0
22064.29,165.48111674750083,6,4,1,1,1,0,0,1,0,0,0,0,0,0,1,0
23151.55,167.15262486721528,6,4,1,0,0,0,0,1,0,0,0,0,0,0,1,0
20294.58,184.09780009549272,6,4,1,0,0,0,0,1,0,0,0,0,0,0,1,0
24405.07,177.04236781064583,4,4,1,1,1,0,0,0,0,1,0,0,0,0,1,0
25618.28,142.15484515133488,4,4,1,0,1,0,0,0,0,1,0,0,0,0,1,0
23733.4,166.1324772583615,4,4,1,1,0,0,0,0,0,1,0,0,0,0,1,0
25267.37,184.86481547336152,4,4,1,1,0,0,0,0,0,1,0,0,0,0,1,0
25527.01,190.99738218101317,8,2,1,1,1,0,0,0,1,0,0,0,1,0,0,0
19027.86,147.63807097087118,6,4,1,0,1,1,0,0,0,0,0,0,0,0,1,0
21335.85,101.17806086301516,6,4,1,0,0,1,0,0,0,0,0,0,0,0,1,0
19105.13,154.94515158597252,6,4,1,0,0,1,0,0,0,0,0,0,0,0,1,0
21273.06,137.50636348911274,6,4,1,0,0,1,0,0,0,0,0,0,0,0,1,0
20406.1,150.31965939290842,6,4,1,0,0,1,0,0,0,0,0,0,0,0,1,0
22230.03,148.6674140489435,6,4,1,0,1,1,0,0,0,0,0,0,0,0,1,0
20902.1,172.18884981322105,6,4,1,1,1,1,0,0,0,0,0,0,0,0,1,0
22625.07,153.6619666670969,6,4,1,0,1,1,0,0,0,0,0,0,0,0,1,0
22104.97,95.12623192369179,6,4,1,1,1,0,0,0,1,0,0,0,0,0,1,0
22736.83,75.43208866258443,6,4,1,1,1,0,0,0,1,0,0,0,0,0,1,0
22311.05,105.92922165295089,6,4,1,1,1,0,0,0,1,0,0,0,0,0,1,0
21300.02,113.01327355669333,6,4,1,1,0,0,0,0,1,0,0,0,0,0,1,0
19423.17,159.86556852555836,6,4,1,0,1,0,0,0,1,0,0,0,0,0,1,0
19956.76,161.33195591698504,6,4,1,1,0,0,0,0,1,0,0,0,0,0,1,0
21982.65,143.08039698015938,8,4,1,1,1,0,0,0,1,0,0,0,0,0,1,0
18490.98,88.06247782114696,6,4,1,1,1,0,0,0,0,0,1,0,0,0,1,0
18173.98,76.32823854904552,6,4,1,1,1,0,0,0,0,0,1,0,0,0,1,0
24896.6,145.8286665919976,4,4,1,1,0,0,0,0,0,1,0,0,0,0,1,0
26337.83,126.7596150199266,4,4,1,0,0,0,0,0,0,1,0,0,0,0,1,0
25845.21,191.1988493689227,4,4,1,1,1,0,0,0,0,1,0,0,0,0,0,1
18910.8,91.35097153287424,6,2,1,0,1,0,0,1,0,0,0,0,1,0,0,0
18950.91,93.20407716403827,6,4,0,1,1,0,0,1,0,0,0,0,0,1,0,0
18957.89,77.0454411370329,6,4,0,1,1,0,0,1,0,0,0,0,0,1,0,0
19409.75,137.09485767161362,6,4,1,1,1,0,0,1,0,0,0,0,0,0,1,0
19528.1,118.80656547514535,6,4,1,1,0,0,0,1,0,0,0,0,0,0,1,0
18800.96,89.22443611477743,6,4,0,1,1,0,0,1,0,0,0,0,0,0,1,0
21233.91,131.67004215082488,6,2,1,1,1,0,0,1,0,0,0,0,1,0,0,0
20127.04,135.71661652133832,6,4,1,1,1,0,0,0,1,0,0,0,0,0,1,0
18063,166.05420801653898,6,4,1,0,0,0,0,0,1,0,0,0,0,0,1,0
19751.04,143.2131278898691,6,4,1,0,1,0,0,0,1,0,0,0,0,0,1,0
21878.12,152.43687217992897,6,4,1,1,0,1,0,0,0,0,0,0,0,0,1,0
21698.01,159.6527481755325,6,4,1,1,1,1,0,0,0,0,0,0,0,0,1,0
19689.74,164.55090397806995,6,4,1,1,0,0,0,0,1,0,0,0,0,0,1,0
22460.53,94.48809448814173,6,4,1,0,1,0,0,0,1,0,0,0,0,0,1,0
19338.38,167.23038001511568,6,4,1,0,1,0,0,0,1,0,0,0,0,0,1,0
20221.81,161.93517221406842,6,2,1,1,1,0,0,1,0,0,0,0,1,0,0,0
20382.15,158.871016865884,6,2,1,1,1,0,0,1,0,0,0,0,1,0,0,0
22113.63,148.29699929533302,6,2,1,1,0,0,0,1,0,0,0,0,1,0,0,0
25097.47,120.2538980657176,6,4,1,1,1,0,0,1,0,0,0,0,0,0,1,0
22120.76,168.05356288993102,6,4,1,1,1,0,0,1,0,0,0,0,0,0,1,0
23345.33,151.53877391611692,6,4,1,1,1,0,0,1,0,0,0,0,0,0,1,0
29142.71,177.9185206773033,4,2,1,1,1,0,0,0,0,1,0,1,0,0,0,0
30731.94,149.92998365904,4,2,1,0,0,0,0,0,0,1,0,1,0,0,0,0
30315.17,153.73678805022564,4,2,1,0,0,0,0,0,0,1,0,1,0,0,0,0
33381.82,131.83702059740276,4,2,1,1,1,0,0,0,0,1,0,1,0,0,0,0
30251.02,166.00602398708307,4,2,1,0,1,0,0,0,0,1,0,1,0,0,0,0
30166.85,158.26875876179733,4,2,1,0,0,0,0,0,0,1,0,1,0,0,0,0
27060.14,131.6016717219048,4,4,1,0,1,0,0,0,0,1,0,0,0,0,1,0
26841.08,100.01499887516871,4,4,1,1,0,0,0,0,0,1,0,0,0,0,1,0
27825.95,100.069975517135,4,4,1,0,1,0,0,0,0,1,0,0,0,0,1,0
28185.78,140.90422278980853,4,4,1,1,1,0,0,0,0,1,0,0,0,0,1,0
27241.44,152.3285921946369,4,4,1,1,1,0,0,0,0,1,0,0,0,0,1,0
28416.46,120.88424214925617,4,4,1,0,1,0,0,0,0,1,0,0,0,0,1,0
29986.79,135.88230201170424,4,4,1,0,1,0,0,0,0,1,0,0,0,0,0,1
29197.79,144.5925309274307,4,4,1,0,1,0,0,0,0,1,0,0,0,0,0,1
29908.18,140.8190328045183,4,4,1,1,1,0,0,0,0,1,0,0,0,0,0,1
29481.53,147.72271321635003,4,4,1,1,1,0,0,0,0,1,0,0,0,0,0,1
26792.3,159.2388143638353,4,4,1,0,1,0,0,0,0,1,0,0,0,0,0,1
29321.08,146.78215150351218,4,4,1,0,1,0,0,0,0,1,0,0,0,0,0,1
34393,155.0193536304419,4,2,1,0,1,0,0,0,0,1,0,1,0,0,0,0
35304.49,145.9212116177768,4,2,1,0,1,0,0,0,0,1,0,1,0,0,0,0
33248.34,164.47188209539038,4,2,1,0,1,0,0,0,0,1,0,1,0,0,0,0
30274.71,103.92304845413264,4,4,1,1,0,0,0,0,0,1,0,0,0,0,1,0
30122.43,120.6979701569169,4,4,1,1,1,0,0,0,0,1,0,0,0,0,1,0
32197.34,62.185207244167,4,4,1,1,0,0,0,0,0,1,0,0,0,0,1,0
27109.41,150.32631173550425,4,4,1,0,1,0,0,0,0,1,0,0,0,0,1,0
30353.59,106.17438485811914,4,4,1,1,0,0,0,0,0,1,0,0,0,0,1,0
28291.76,149.4255667548228,4,4,1,1,0,0,0,0,0,1,0,0,0,0,1,0
33183.33,98.96969233053117,4,4,1,1,1,0,0,0,0,1,0,0,0,0,1,0
28502.96,169.10943202553784,4,4,1,1,1,0,0,0,0,1,0,0,0,0,1,0
29844.2,152.1282353805499,4,4,1,1,1,0,0,0,0,1,0,0,0,0,1,0
30075.99,148.49915824677257,4,4,1,1,1,0,0,0,0,1,0,0,0,0,1,0
28054.98,162.09873534361705,4,4,1,1,1,0,0,0,0,1,0,0,0,0,1,0
28432.82,158.89304578866881,4,4,1,1,1,0,0,0,0,1,0,0,0,0,1,0
31002.73,122.82914963476708,4,4,1,1,1,0,0,0,0,1,0,0,0,0,1,0
28829.03,162.79742012697866,4,4,1,0,1,0,0,0,0,1,0,0,0,0,0,1
31849.31,130.21520648526422,4,4,1,0,1,0,0,0,0,1,0,0,0,0,0,1
31554.41,141.78504857706258,4,4,1,1,1,0,0,0,0,1,0,0,0,0,0,1
28678.08,159.31101656822105,4,4,1,0,1,0,0,0,0,1,0,0,0,0,0,1
29961.25,141.4743793059365,4,4,1,1,1,0,0,0,0,1,0,0,0,0,0,1
30575.25,149.3251485852266,4,4,1,1,1,0,0,0,0,1,0,0,0,0,0,1
29914.38,148.67750334196495,4,4,1,0,1,0,0,0,0,1,0,0,0,0,0,1
37288.94,178.9944133206397,8,2,1,1,1,0,0,1,0,0,0,1,0,0,0,0
46732.61,60.207972893961475,8,2,1,1,1,0,0,1,0,0,0,1,0,0,0,0
47065.21,72.38093671679029,8,2,1,1,1,0,0,1,0,0,0,1,0,0,0,0
39547.59,154.35672968808325,8,2,1,1,1,0,0,1,0,0,0,1,0,0,0,0
42773.03,120.60679914499016,8,2,1,1,1,0,0,1,0,0,0,1,0,0,0,0
36970.9,174.64821785520743,8,2,1,1,1,0,0,1,0,0,0,1,0,0,0,0
39875.85,83.98809439438426,8,2,1,0,1,0,0,1,0,0,0,0,1,0,0,0
31186.74,184.9080852748197,8,2,1,0,1,0,0,1,0,0,0,0,1,0,0,0
39365.88,107.79146533933009,8,2,1,1,1,0,0,1,0,0,0,0,1,0,0,0
34297.31,155.75300960174093,8,2,1,0,1,0,0,1,0,0,0,0,1,0,0,0
38990.61,97.0051545022222,8,2,1,1,1,0,0,1,0,0,0,0,1,0,0,0
35261.44,146.11639196202458,8,2,1,1,1,0,0,1,0,0,0,0,1,0,0,0
28502.31,164.92119330152812,8,2,1,1,1,0,0,0,1,0,0,0,1,0,0,0
32219.59,104.47487736293353,8,2,1,1,1,0,0,0,1,0,0,0,1,0,0,0
27548.63,161.63539216396885,8,2,1,1,1,0,0,0,1,0,0,0,1,0,0,0
38600.24,130.91218430688565,8,4,1,0,1,0,1,0,0,0,0,0,0,0,1,0
40335.74,121.4207560510146,8,4,1,0,1,0,1,0,0,0,0,0,0,0,1,0
35338.65,158.62849680936904,8,4,1,0,1,0,1,0,0,0,0,0,0,0,1,0
39307.01,126.65306944563167,8,4,1,0,1,0,1,0,0,0,0,0,0,0,1,0
32537.19,204.52139252410737,8,4,1,1,1,0,1,0,0,0,0,0,0,0,1,0
37510.25,146.94556815365343,8,4,1,0,1,0,1,0,0,0,0,0,0,0,1,0
32954.14,189.9315666233499,8,4,1,0,1,0,1,0,0,0,0,0,0,0,1,0
36245.16,162.0185174601965,8,4,1,1,1,0,1,0,0,0,0,0,0,0,1,0
40856.39,113.09730323929037,8,4,1,1,1,0,1,0,0,0,0,0,0,0,1,0
41378.05,90.13878188659973,8,4,1,0,1,0,1,0,0,0,0,0,0,0,1,0
37215.17,149.03355326905415,8,4,1,0,1,0,1,0,0,0,0,0,0,0,1,0
68566.19,80.12490249604052,8,2,1,1,1,0,1,0,0,0,0,1,0,0,0,0
70755.47,24.145392935299274,8,2,1,1,1,0,1,0,0,0,0,1,0,0,0,0
52001.99,206.6180050237636,8,2,1,1,1,0,1,0,0,0,0,1,0,0,0,0
60567.55,152.29248175796465,8,2,1,1,1,0,1,0,0,0,0,1,0,0,0,0
63913.12,134.90737563232042,8,2,1,1,1,0,1,0,0,0,0,1,0,0,0,0
69133.73,88.83692925805124,8,2,1,1,1,0,1,0,0,0,0,1,0,0,0,0
66374.31,109.64032105024137,8,2,1,1,1,0,1,0,0,0,0,1,0,0,0,0
32075.98,153.46986674914396,4,2,1,1,0,0,0,0,0,1,0,1,0,0,0,0
27666.23,187.50199998933346,4,2,1,0,0,0,0,0,0,1,0,1,0,0,0,0
34819.3,110.68423555321688,4,2,1,0,0,0,0,0,0,1,0,1,0,0,0,0
31969.07,156.71311368229527,4,2,1,0,0,0,0,0,0,1,0,1,0,0,0,0
32737.08,138.24615727028365,4,2,1,1,1,0,0,0,0,1,0,1,0,0,0,0
26775.03,129.18204209564115,4,4,1,0,0,0,0,0,0,1,0,0,0,0,1,0
31156.6,137.13132391981054,4,4,1,1,1,0,0,0,0,1,0,0,0,0,0,1
30443.88,122.67844146385298,4,4,1,0,1,0,0,0,0,1,0,0,0,0,0,1
33005.78,80.05623023850174,4,4,1,1,1,0,0,0,0,1,0,0,0,0,0,1
27280.98,69.54135460285484,4,4,1,1,0,0,0,0,0,1,0,0,0,0,0,1
46747.67,123.86686401132468,8,4,1,1,1,0,1,0,0,0,0,0,0,0,1,0
51154.05,46.92547282660026,8,4,1,1,1,0,1,0,0,0,0,0,0,0,1,0
42677.6,155.08707231745655,8,4,1,0,1,0,1,0,0,0,0,0,0,0,1,0
43892.47,152.8757665557233,8,4,1,0,1,0,1,0,0,0,0,0,0,0,1,0
40619.07,173.44163283364233,8,4,1,1,1,0,1,0,0,0,0,0,0,0,1,0
44084.91,146.17455318898703,8,4,1,1,1,0,1,0,0,0,0,0,0,0,1,0
30792.15,133.67871932360814,6,4,1,1,1,0,1,0,0,0,0,0,0,0,1,0
29275.21,145.10685717773643,6,4,1,1,1,0,1,0,0,0,0,0,0,0,1,0
30392.75,135.827095971312,6,4,1,1,1,0,1,0,0,0,0,0,0,0,1,0
30781.52,122.21702009131134,6,4,1,1,1,0,1,0,0,0,0,0,0,0,1,0
33417.97,81.22807396460905,6,4,1,1,1,0,1,0,0,0,0,0,0,0,1,0
28040.13,165.7829906836042,6,4,1,1,1,0,1,0,0,0,0,0,0,0,1,0
33220.03,136.60527076214885,8,4,1,0,1,0,1,0,0,0,0,0,0,0,1,0
32509.48,144.60290453514412,8,4,1,0,1,0,1,0,0,0,0,0,0,0,1,0
31059.18,165.96385148579796,8,4,1,1,1,0,1,0,0,0,0,0,0,0,1,0
31132.21,152.06577524216289,8,4,1,1,1,0,1,0,0,0,0,0,0,0,1,0
35715.77,80.2932126645833,8,4,1,0,1,0,1,0,0,0,0,0,0,0,1,0
38297.46,129.43724348115578,6,4,1,0,1,0,1,0,0,0,0,0,0,0,1,0
42741.52,53.34791467339656,6,4,1,0,1,0,1,0,0,0,0,0,0,0,1,0
40966.61,86.46386528486914,6,4,1,1,1,0,1,0,0,0,0,0,0,0,1,0
32038.34,187.95212156291294,6,4,1,1,1,0,1,0,0,0,0,0,0,0,1,0
37192.9,138.20274961085252,6,4,1,0,1,0,1,0,0,0,0,0,0,0,1,0
44205.88,122.89833196589773,8,4,1,0,1,0,1,0,0,0,0,0,0,0,1,0
48310.33,28.071337695236398,8,4,1,0,1,0,1,0,0,0,0,0,0,0,1,0
41053.48,160.3652081967906,8,4,1,1,1,0,1,0,0,0,0,0,0,0,1,0
26781.81,109.78160137290766,6,4,1,1,0,1,0,0,0,0,0,0,0,0,1,0
27714.05,73.34166619323561,6,4,1,1,0,0,0,1,0,0,0,0,0,0,1,0
29612.15,180.21376196062275,4,2,1,1,1,0,0,0,0,1,0,1,0,0,0,0
33586.91,137.58633653092156,4,2,1,0,1,0,0,0,0,1,0,1,0,0,0,0
37088.56,61.87083319303208,4,2,1,1,1,0,0,0,0,1,0,1,0,0,0,0
27703.2,157.28318409798297,4,4,1,1,1,0,0,0,0,1,0,0,0,0,1,0
28204.6,148.39474384222643,4,4,1,1,1,0,0,0,0,1,0,0,0,0,1,0
28328.27,143.82280764885658,4,4,1,0,1,0,0,0,0,1,0,0,0,0,0,1
33984.43,159.43650773897426,4,2,1,0,0,0,0,0,0,1,0,1,0,0,0,0
38167.17,114.72575996697516,4,2,1,0,1,0,0,0,0,1,0,1,0,0,0,0
36338.75,134.88884312647951,4,2,1,1,0,0,0,0,0,1,0,1,0,0,0,0
32053.1,71.72168430816443,4,4,1,1,0,0,0,0,0,1,0,0,0,0,1,0
26789.83,148.95972610071487,4,4,1,0,0,0,0,0,0,1,0,0,0,0,1,0
26955.04,178.24982468434575,4,4,1,0,1,0,0,0,0,1,0,0,0,0,0,1
38824.87,161.12107248898263,8,2,1,0,1,0,0,1,0,0,0,1,0,0,0,0
39092.19,103.52294431670691,8,2,1,1,1,0,0,1,0,0,0,0,1,0,0,0
34739.21,160.45871743224174,8,2,1,0,1,0,0,1,0,0,0,0,1,0,0,0
27425.84,154.5509624686951,8,2,1,0,1,0,0,0,1,0,0,0,1,0,0,0
32422.76,95.83840566286565,8,2,1,1,1,0,0,0,1,0,0,0,1,0,0,0
35866.58,156.25299997120055,8,4,1,1,1,0,1,0,0,0,0,0,0,0,1,0
42820.33,74.15524256584965,8,4,1,0,1,0,1,0,0,0,0,0,0,0,1,0
55639.09,178.33956375409244,8,2,1,0,1,0,1,0,0,0,0,1,0,0,0,0
65281.48,124.89995996796796,8,2,1,1,1,0,1,0,0,0,0,1,0,0,0,0
57154.44,171.0555465338672,8,2,1,1,1,0,1,0,0,0,0,1,0,0,0,0
33287.41,147.1767644704829,4,2,1,0,1,0,0,0,0,1,0,1,0,0,0,0
31970.54,145.62966730718023,4,2,1,1,0,0,0,0,0,1,0,1,0,0,0,0
30661.26,119.49058540320237,4,4,1,0,1,0,0,0,0,1,0,0,0,0,0,1
30322.15,127.37739202856997,4,4,1,1,1,0,0,0,0,1,0,0,0,0,0,1
35129.34,109.43034314119645,8,4,1,1,1,0,1,0,0,0,0,0,0,0,1,0
31431.13,104.94284158531252,6,4,1,1,1,0,1,0,0,0,0,0,0,0,1,0
48365.98,51.146847410177685,8,4,1,1,1,0,1,0,0,0,0,0,0,0,1,0
43374.05,158.741928928686,8,4,1,1,1,0,1,0,0,0,0,0,0,0,1,0
36210.12,147.57371039585607,6,4,1,0,1,0,1,0,0,0,0,0,0,0,1,0
39072.39,177.7273192280804,8,4,1,0,1,0,1,0,0,0,0,0,0,0,1,0
35651.68,102.73752965688828,8,4,1,1,1,0,1,0,0,0,0,0,0,0,1,0
30646.44,130.7440247200613,6,4,1,1,1,0,1,0,0,0,0,0,0,0,1,0
35165.76,115.96982366115765,8,4,1,1,1,0,1,0,0,0,0,0,0,0,1,0
35895.5,151.84202316881846,6,4,1,1,1,0,1,0,0,0,0,0,0,0,1,0
45061.95,117.5967686630887,8,4,1,1,1,0,1,0,0,0,0,0,0,0,1,0
28817.08,145.04826782833362,6,4,1,0,1,0,1,0,0,0,0,0,0,0,1,0
26831.19,68.5200700525036,6,4,1,1,0,1,0,0,0,0,0,0,0,0,1,0
